{
  "mode": [
    {
      "playback": "OFF",
      "quit": false,
      "editspeed": 1,
      "destinationvideo": [
        1280,
        720
      ]
    }
  ],
  "destvideo": [
    {
      "file": "PLANB_OUTPUT.AVI"
    }
  ],
  "EDL": [
    {
      "out": "edit_decision_list_out.json",
      "in": "edit_decision_list_in.json"
    }
  ],
  "svlist": [
    {
      "videorotation": "0",
      "queue": [
        "../cutVideo.MP4"
      ]
    },
    {
      "videorotation": "357",
      "queue": [
        "C:/JBSDEV/python/Source/ABCDrone/video/1080P/DJI_0002.MP4",
        "C:/JBSDEV/python/Source/ABCDrone/video/1080P/DJI_0003.MP4",
        "C:/JBSDEV/python/Source/ABCDrone/video/1080P/DJI_0004.MP4",
        "C:/JBSDEV/python/Source/ABCDrone/video/1080P/DJI_0005.MP4",
        "C:/JBSDEV/python/Source/ABCDrone/video/1080P/DJI_0006.MP4"
      ]
    },
    {
      "videorotation": "0",
      "queue": [
        "F:/Video/2020-ABC-DRONE/Burn/1080P/DJI_0002.MP4",
        "F:/Video/2020-ABC-DRONE/Burn/1080P/DJI_0003.MP4",
        "F:/Video/2020-ABC-DRONE/Burn/1080P/DJI_0004.MP4",
        "F:/Video/2020-ABC-DRONE/Burn/1080P/DJI_0005.MP4",
        "F:/Video/2020-ABC-DRONE/Burn/1080P/DJI_0006.MP4"
      ]
    },
    {
      "videorotation": "0",
      "queue": [
        "F:/Video/2020-ABC-DRONE/Burn/4K/DJI_0002.MP4",
        "F:/Video/2020-ABC-DRONE/Burn/4K/DJI_0003.MP4",
        "F:/Video/2020-ABC-DRONE/Burn/4K/DJI_0004.MP4",
        "F:/Video/2020-ABC-DRONE/Burn/4K/DJI_0005.MP4",
        "F:/Video/2020-ABC-DRONE/Burn/4K/DJI_0006.MP4"
      ]
    },
    {
      "videorotation": "3",
      "queue": [
        "D:/DCIM/100MEDIA/DJI_0088.MP4",
        "D:/DCIM/100MEDIA/DJI_0089.MP4",
        "D:/DCIM/100MEDIA/DJI_0090.MP4",
        "D:/DCIM/100MEDIA/DJI_0094.MP4",
        "D:/DCIM/100MEDIA/DJI_0095.MP4"
      ]
    }
  ],
  "numgame": [
    {
      "index": 1
    }
  ],
  "config": [
    {
      "event": "BURN SCRIMMAGE",
      "hometeam": "White",
      "awayteam": "Black",
      "complex": "VT IM Fields",
      "field": "4",
      "numSV": "4"
    },
    {
      "event": "SPUTNIK",
      "hometeam": "Dark",
      "awayteam": "Light",
      "complex": "Herndon Park",
      "field": "2",
      "numSV": "0"
    },
    {
      "event": "ACC Friendly",
      "hometeam": "VT Burn",
      "awayteam": "DUKE",
      "complex": "VT IM Fields",
      "field": "3",
      "numSV": "1"
    }
  ],
  "controllertype": [
    {
      "manufacturer": "LOGITECH",
      "model": "Gamepad F310",
      "axes": 4,
      "triggertype": "binary"
    }
  ]
}
